{
  "project_info": {
    "project_number": "20875555907",
    "project_id": "squad-vibe-be4e1",
    "storage_bucket": "squad-vibe-be4e1.appspot.com"
  },
  "client": [
    {
      "client_info": {
        "mobilesdk_app_id": "1:20875555907:android:4ddc7a57793c9be3df10f6",
        "android_client_info": {
          "package_name": "com.squadvibe"
        }
      },
      "oauth_client": [
        {
          "client_id": "20875555907-a4tsfn9b78hvsflavl5alcnd5v9c5ftr.apps.googleusercontent.com",
          "client_type": 3
        }
      ],
      "api_key": [
        {
          "current_key": "AIzaSyCnQCCl0vve8_3D-OIh1b7cpINpH723Fvg"
        }
      ],
      "services": {
        "appinvite_service": {
          "other_platform_oauth_client": [
            {
              "client_id": "20875555907-a4tsfn9b78hvsflavl5alcnd5v9c5ftr.apps.googleusercontent.com",
              "client_type": 3
            },
            {
              "client_id": "20875555907-92vhofngobppa8jrb1cpbj445uuug90t.apps.googleusercontent.com",
              "client_type": 2,
              "ios_info": {
                "bundle_id": "com.amin.squadvibe"
              }
            }
          ]
        }
      }
    }
  ],
  "configuration_version": "1"
}